<?xml version="1.0" encoding="UTF-8"?>
<project-private xmlns="http://www.netbeans.org/ns/project-private/1">
    <editor-bookmarks xmlns="http://www.netbeans.org/ns/editor-bookmarks/2" lastBookmarkId="0"/>
    <open-files xmlns="http://www.netbeans.org/ns/projectui-open-files/2">
        <group>
            <file>file:/Users/urielefrencarballido/Documents/Maestria/videojuegos/Lab01_Mundo/src/prooofconcept2d/ProoOfConcept2D.java</file>
            <file>file:/Users/urielefrencarballido/Documents/Maestria/videojuegos/Lab01_Mundo/src/prooofconcept2d/CanvasDib.java</file>
            <file>file:/Users/urielefrencarballido/Documents/Maestria/videojuegos/Lab01_Mundo/src/prooofconcept2d/FrmGame.java</file>
        </group>
    </open-files>
</project-private>
